timestamp,hpa-current,hpa-target,hpa-desired,replicas-ready,pod,cpu-millicores,memory-bytes
2026-09-03T09:52:10.8389721+08:00,2,19,2,2,marketplace-service-84786c7f9-2rszz,,
2026-09-03T09:52:10.8389721+08:00,2,19,2,2,marketplace-service-84786c7f9-5xsd8,,
2026-09-03T09:52:17.0376325+08:00,2,19,2,2,marketplace-service-84786c7f9-2rszz,,
2026-09-03T09:52:17.0376325+08:00,2,19,2,2,marketplace-service-84786c7f9-5xsd8,,
2026-09-03T09:52:23.1117811+08:00,2,19,2,2,marketplace-service-84786c7f9-2rszz,,
2026-09-03T09:52:23.1117811+08:00,2,19,2,2,marketplace-service-84786c7f9-5xsd8,,
2026-09-03T09:52:29.1244502+08:00,2,19,2,2,marketplace-service-84786c7f9-2rszz,,
2026-09-03T09:52:29.1244502+08:00,2,19,2,2,marketplace-service-84786c7f9-5xsd8,,
2026-09-03T09:52:35.1755493+08:00,2,17,2,2,marketplace-service-84786c7f9-2rszz,,
2026-09-03T09:52:35.1755493+08:00,2,17,2,2,marketplace-service-84786c7f9-5xsd8,,
2026-09-03T09:52:41.1811687+08:00,2,17,2,2,marketplace-service-84786c7f9-2rszz,,
2026-09-03T09:52:41.1811687+08:00,2,17,2,2,marketplace-service-84786c7f9-5xsd8,,
2026-09-03T09:52:47.2704312+08:00,2,17,2,2,marketplace-service-84786c7f9-2rszz,,
2026-09-03T09:52:47.2704312+08:00,2,17,2,2,marketplace-service-84786c7f9-5xsd8,,
2026-09-03T09:52:53.4449777+08:00,2,14,2,2,marketplace-service-84786c7f9-2rszz,,
2026-09-03T09:52:53.4449777+08:00,2,14,2,2,marketplace-service-84786c7f9-5xsd8,,
2026-09-03T09:52:59.6553688+08:00,2,14,2,2,marketplace-service-84786c7f9-2rszz,,
2026-09-03T09:52:59.6553688+08:00,2,14,2,2,marketplace-service-84786c7f9-5xsd8,,
2026-09-03T09:53:05.7336545+08:00,2,159,5,2,marketplace-service-84786c7f9-2rszz,,
2026-09-03T09:53:05.7336545+08:00,2,159,5,2,marketplace-service-84786c7f9-4jvxm,,
2026-09-03T09:53:05.7336545+08:00,2,159,5,2,marketplace-service-84786c7f9-5xsd8,,
2026-09-03T09:53:05.7336545+08:00,2,159,5,2,marketplace-service-84786c7f9-sx24w,,
2026-09-03T09:53:05.7336545+08:00,2,159,5,2,marketplace-service-84786c7f9-zhn6f,,
2026-09-03T09:53:13.0920267+08:00,2,159,5,2,marketplace-service-84786c7f9-2rszz,,
2026-09-03T09:53:13.0920267+08:00,2,159,5,2,marketplace-service-84786c7f9-4jvxm,,
2026-09-03T09:53:13.0920267+08:00,2,159,5,2,marketplace-service-84786c7f9-5xsd8,,
2026-09-03T09:53:13.0920267+08:00,2,159,5,2,marketplace-service-84786c7f9-sx24w,,
2026-09-03T09:53:13.0920267+08:00,2,159,5,2,marketplace-service-84786c7f9-zhn6f,,
2026-09-03T09:53:20.6578672+08:00,5,347,5,2,marketplace-service-84786c7f9-2rszz,,
2026-09-03T09:53:20.6578672+08:00,5,347,5,2,marketplace-service-84786c7f9-4jvxm,,
2026-09-03T09:53:20.6578672+08:00,5,347,5,2,marketplace-service-84786c7f9-5xsd8,,
2026-09-03T09:53:20.6578672+08:00,5,347,5,2,marketplace-service-84786c7f9-sx24w,,
2026-09-03T09:53:20.6578672+08:00,5,347,5,2,marketplace-service-84786c7f9-zhn6f,,
2026-09-03T09:53:27.8893025+08:00,5,347,5,2,marketplace-service-84786c7f9-2rszz,,
2026-09-03T09:53:27.8893025+08:00,5,347,5,2,marketplace-service-84786c7f9-4jvxm,,
2026-09-03T09:53:27.8893025+08:00,5,347,5,2,marketplace-service-84786c7f9-5xsd8,,
2026-09-03T09:53:27.8893025+08:00,5,347,5,2,marketplace-service-84786c7f9-sx24w,,
2026-09-03T09:53:27.8893025+08:00,5,347,5,2,marketplace-service-84786c7f9-zhn6f,,
2026-09-03T09:53:35.2344031+08:00,5,120,5,5,marketplace-service-84786c7f9-2rszz,,
2026-09-03T09:53:35.2344031+08:00,5,120,5,5,marketplace-service-84786c7f9-4jvxm,,
2026-09-03T09:53:35.2344031+08:00,5,120,5,5,marketplace-service-84786c7f9-5xsd8,,
2026-09-03T09:53:35.2344031+08:00,5,120,5,5,marketplace-service-84786c7f9-sx24w,,
2026-09-03T09:53:35.2344031+08:00,5,120,5,5,marketplace-service-84786c7f9-zhn6f,,
2026-09-03T09:53:42.2895047+08:00,5,120,5,5,marketplace-service-84786c7f9-2rszz,,
2026-09-03T09:53:42.2895047+08:00,5,120,5,5,marketplace-service-84786c7f9-4jvxm,,
2026-09-03T09:53:42.2895047+08:00,5,120,5,5,marketplace-service-84786c7f9-5xsd8,,
2026-09-03T09:53:42.2895047+08:00,5,120,5,5,marketplace-service-84786c7f9-sx24w,,
2026-09-03T09:53:42.2895047+08:00,5,120,5,5,marketplace-service-84786c7f9-zhn6f,,
2026-09-03T09:53:49.2923903+08:00,5,125,5,5,marketplace-service-84786c7f9-2rszz,,
2026-09-03T09:53:49.2923903+08:00,5,125,5,5,marketplace-service-84786c7f9-4jvxm,,
2026-09-03T09:53:49.2923903+08:00,5,125,5,5,marketplace-service-84786c7f9-5xsd8,,
2026-09-03T09:53:49.2923903+08:00,5,125,5,5,marketplace-service-84786c7f9-sx24w,,
2026-09-03T09:53:49.2923903+08:00,5,125,5,5,marketplace-service-84786c7f9-zhn6f,,
2026-09-03T09:53:56.2477318+08:00,5,125,5,5,marketplace-service-84786c7f9-2rszz,,
2026-09-03T09:53:56.2477318+08:00,5,125,5,5,marketplace-service-84786c7f9-4jvxm,,
2026-09-03T09:53:56.2477318+08:00,5,125,5,5,marketplace-service-84786c7f9-5xsd8,,
2026-09-03T09:53:56.2477318+08:00,5,125,5,5,marketplace-service-84786c7f9-sx24w,,
2026-09-03T09:53:56.2477318+08:00,5,125,5,5,marketplace-service-84786c7f9-zhn6f,,
2026-09-03T09:54:03.3921230+08:00,5,125,5,5,marketplace-service-84786c7f9-2rszz,,
2026-09-03T09:54:03.3921230+08:00,5,125,5,5,marketplace-service-84786c7f9-4jvxm,,
2026-09-03T09:54:03.3921230+08:00,5,125,5,5,marketplace-service-84786c7f9-5xsd8,,
2026-09-03T09:54:03.3921230+08:00,5,125,5,5,marketplace-service-84786c7f9-sx24w,,
2026-09-03T09:54:03.3921230+08:00,5,125,5,5,marketplace-service-84786c7f9-zhn6f,,
2026-09-03T09:54:10.5082579+08:00,5,127,5,5,marketplace-service-84786c7f9-2rszz,,
2026-09-03T09:54:10.5082579+08:00,5,127,5,5,marketplace-service-84786c7f9-4jvxm,,
2026-09-03T09:54:10.5082579+08:00,5,127,5,5,marketplace-service-84786c7f9-5xsd8,,
2026-09-03T09:54:10.5082579+08:00,5,127,5,5,marketplace-service-84786c7f9-sx24w,,
2026-09-03T09:54:10.5082579+08:00,5,127,5,5,marketplace-service-84786c7f9-zhn6f,,
2026-09-03T09:54:17.7236141+08:00,5,127,5,5,marketplace-service-84786c7f9-2rszz,,
2026-09-03T09:54:17.7236141+08:00,5,127,5,5,marketplace-service-84786c7f9-4jvxm,,
2026-09-03T09:54:17.7236141+08:00,5,127,5,5,marketplace-service-84786c7f9-5xsd8,,
2026-09-03T09:54:17.7236141+08:00,5,127,5,5,marketplace-service-84786c7f9-sx24w,,
2026-09-03T09:54:17.7236141+08:00,5,127,5,5,marketplace-service-84786c7f9-zhn6f,,
2026-09-03T09:54:24.8680311+08:00,5,215,5,5,marketplace-service-84786c7f9-2rszz,,
2026-09-03T09:54:24.8680311+08:00,5,215,5,5,marketplace-service-84786c7f9-4jvxm,,
2026-09-03T09:54:24.8680311+08:00,5,215,5,5,marketplace-service-84786c7f9-5xsd8,,
2026-09-03T09:54:24.8680311+08:00,5,215,5,5,marketplace-service-84786c7f9-sx24w,,
2026-09-03T09:54:24.8680311+08:00,5,215,5,5,marketplace-service-84786c7f9-zhn6f,,
2026-09-03T09:54:32.3154985+08:00,5,215,5,5,marketplace-service-84786c7f9-2rszz,,
2026-09-03T09:54:32.3154985+08:00,5,215,5,5,marketplace-service-84786c7f9-4jvxm,,
2026-09-03T09:54:32.3154985+08:00,5,215,5,5,marketplace-service-84786c7f9-5xsd8,,
2026-09-03T09:54:32.3154985+08:00,5,215,5,5,marketplace-service-84786c7f9-sx24w,,
2026-09-03T09:54:32.3154985+08:00,5,215,5,5,marketplace-service-84786c7f9-zhn6f,,
2026-09-03T09:54:39.6736501+08:00,5,178,5,5,marketplace-service-84786c7f9-2rszz,,
2026-09-03T09:54:39.6736501+08:00,5,178,5,5,marketplace-service-84786c7f9-4jvxm,,
2026-09-03T09:54:39.6736501+08:00,5,178,5,5,marketplace-service-84786c7f9-5xsd8,,
2026-09-03T09:54:39.6736501+08:00,5,178,5,5,marketplace-service-84786c7f9-sx24w,,
2026-09-03T09:54:39.6736501+08:00,5,178,5,5,marketplace-service-84786c7f9-zhn6f,,
2026-09-03T09:54:47.2711628+08:00,5,178,5,5,marketplace-service-84786c7f9-2rszz,,
2026-09-03T09:54:47.2711628+08:00,5,178,5,5,marketplace-service-84786c7f9-4jvxm,,
2026-09-03T09:54:47.2711628+08:00,5,178,5,5,marketplace-service-84786c7f9-5xsd8,,
2026-09-03T09:54:47.2711628+08:00,5,178,5,5,marketplace-service-84786c7f9-sx24w,,
2026-09-03T09:54:47.2711628+08:00,5,178,5,5,marketplace-service-84786c7f9-zhn6f,,
2026-09-03T09:54:54.5455657+08:00,5,142,5,5,marketplace-service-84786c7f9-2rszz,,
2026-09-03T09:54:54.5455657+08:00,5,142,5,5,marketplace-service-84786c7f9-4jvxm,,
2026-09-03T09:54:54.5455657+08:00,5,142,5,5,marketplace-service-84786c7f9-5xsd8,,
2026-09-03T09:54:54.5455657+08:00,5,142,5,5,marketplace-service-84786c7f9-sx24w,,
2026-09-03T09:54:54.5455657+08:00,5,142,5,5,marketplace-service-84786c7f9-zhn6f,,
2026-09-03T09:55:01.9862297+08:00,5,142,5,5,marketplace-service-84786c7f9-2rszz,,
2026-09-03T09:55:01.9862297+08:00,5,142,5,5,marketplace-service-84786c7f9-4jvxm,,
2026-09-03T09:55:01.9862297+08:00,5,142,5,5,marketplace-service-84786c7f9-5xsd8,,
2026-09-03T09:55:01.9862297+08:00,5,142,5,5,marketplace-service-84786c7f9-sx24w,,
2026-09-03T09:55:01.9862297+08:00,5,142,5,5,marketplace-service-84786c7f9-zhn6f,,
2026-09-03T09:55:09.3011582+08:00,5,121,5,5,marketplace-service-84786c7f9-2rszz,,
2026-09-03T09:55:09.3011582+08:00,5,121,5,5,marketplace-service-84786c7f9-4jvxm,,
2026-09-03T09:55:09.3011582+08:00,5,121,5,5,marketplace-service-84786c7f9-5xsd8,,
2026-09-03T09:55:09.3011582+08:00,5,121,5,5,marketplace-service-84786c7f9-sx24w,,
2026-09-03T09:55:09.3011582+08:00,5,121,5,5,marketplace-service-84786c7f9-zhn6f,,
2026-09-03T09:55:16.6142625+08:00,5,121,5,5,marketplace-service-84786c7f9-2rszz,,
2026-09-03T09:55:16.6142625+08:00,5,121,5,5,marketplace-service-84786c7f9-4jvxm,,
2026-09-03T09:55:16.6142625+08:00,5,121,5,5,marketplace-service-84786c7f9-5xsd8,,
2026-09-03T09:55:16.6142625+08:00,5,121,5,5,marketplace-service-84786c7f9-sx24w,,
2026-09-03T09:55:16.6142625+08:00,5,121,5,5,marketplace-service-84786c7f9-zhn6f,,
2026-09-03T09:55:23.9421696+08:00,5,131,5,5,marketplace-service-84786c7f9-2rszz,,
2026-09-03T09:55:23.9421696+08:00,5,131,5,5,marketplace-service-84786c7f9-4jvxm,,
2026-09-03T09:55:23.9421696+08:00,5,131,5,5,marketplace-service-84786c7f9-5xsd8,,
2026-09-03T09:55:23.9421696+08:00,5,131,5,5,marketplace-service-84786c7f9-sx24w,,
2026-09-03T09:55:23.9421696+08:00,5,131,5,5,marketplace-service-84786c7f9-zhn6f,,
2026-09-03T09:55:31.2382240+08:00,5,131,5,5,marketplace-service-84786c7f9-2rszz,,
2026-09-03T09:55:31.2382240+08:00,5,131,5,5,marketplace-service-84786c7f9-4jvxm,,
2026-09-03T09:55:31.2382240+08:00,5,131,5,5,marketplace-service-84786c7f9-5xsd8,,
2026-09-03T09:55:31.2382240+08:00,5,131,5,5,marketplace-service-84786c7f9-sx24w,,
2026-09-03T09:55:31.2382240+08:00,5,131,5,5,marketplace-service-84786c7f9-zhn6f,,
2026-09-03T09:55:39.3065423+08:00,5,121,5,5,marketplace-service-84786c7f9-2rszz,,
2026-09-03T09:55:39.3065423+08:00,5,121,5,5,marketplace-service-84786c7f9-4jvxm,,
2026-09-03T09:55:39.3065423+08:00,5,121,5,5,marketplace-service-84786c7f9-5xsd8,,
2026-09-03T09:55:39.3065423+08:00,5,121,5,5,marketplace-service-84786c7f9-sx24w,,
2026-09-03T09:55:39.3065423+08:00,5,121,5,5,marketplace-service-84786c7f9-zhn6f,,
2026-09-03T09:55:46.8520872+08:00,5,121,5,4,marketplace-service-84786c7f9-4jvxm,,
2026-09-03T09:55:46.8520872+08:00,5,121,5,4,marketplace-service-84786c7f9-5xsd8,,
2026-09-03T09:55:46.8520872+08:00,5,121,5,4,marketplace-service-84786c7f9-sx24w,,
2026-09-03T09:55:46.8520872+08:00,5,121,5,4,marketplace-service-84786c7f9-zc8jl,,
2026-09-03T09:55:46.8520872+08:00,5,121,5,4,marketplace-service-84786c7f9-zhn6f,,
2026-09-03T09:55:54.6108655+08:00,5,132,5,4,marketplace-service-84786c7f9-4jvxm,,
2026-09-03T09:55:54.6108655+08:00,5,132,5,4,marketplace-service-84786c7f9-5xsd8,,
2026-09-03T09:55:54.6108655+08:00,5,132,5,4,marketplace-service-84786c7f9-sx24w,,
2026-09-03T09:55:54.6108655+08:00,5,132,5,4,marketplace-service-84786c7f9-zc8jl,,
2026-09-03T09:55:54.6108655+08:00,5,132,5,4,marketplace-service-84786c7f9-zhn6f,,
2026-09-03T09:56:01.9451778+08:00,5,132,5,4,marketplace-service-84786c7f9-4jvxm,,
2026-09-03T09:56:01.9451778+08:00,5,132,5,4,marketplace-service-84786c7f9-5xsd8,,
2026-09-03T09:56:01.9451778+08:00,5,132,5,4,marketplace-service-84786c7f9-sx24w,,
2026-09-03T09:56:01.9451778+08:00,5,132,5,4,marketplace-service-84786c7f9-zc8jl,,
2026-09-03T09:56:01.9451778+08:00,5,132,5,4,marketplace-service-84786c7f9-zhn6f,,
2026-09-03T09:56:09.3270434+08:00,5,121,5,4,marketplace-service-84786c7f9-4jvxm,,
2026-09-03T09:56:09.3270434+08:00,5,121,5,4,marketplace-service-84786c7f9-5xsd8,,
2026-09-03T09:56:09.3270434+08:00,5,121,5,4,marketplace-service-84786c7f9-sx24w,,
2026-09-03T09:56:09.3270434+08:00,5,121,5,4,marketplace-service-84786c7f9-zc8jl,,
2026-09-03T09:56:09.3270434+08:00,5,121,5,4,marketplace-service-84786c7f9-zhn6f,,
2026-09-03T09:56:17.0768231+08:00,5,121,5,5,marketplace-service-84786c7f9-4jvxm,,
2026-09-03T09:56:17.0768231+08:00,5,121,5,5,marketplace-service-84786c7f9-5xsd8,,
2026-09-03T09:56:17.0768231+08:00,5,121,5,5,marketplace-service-84786c7f9-sx24w,,
2026-09-03T09:56:17.0768231+08:00,5,121,5,5,marketplace-service-84786c7f9-zc8jl,,
2026-09-03T09:56:17.0768231+08:00,5,121,5,5,marketplace-service-84786c7f9-zhn6f,,
2026-09-03T09:56:24.5781524+08:00,5,133,5,5,marketplace-service-84786c7f9-4jvxm,,
2026-09-03T09:56:24.5781524+08:00,5,133,5,5,marketplace-service-84786c7f9-5xsd8,,
2026-09-03T09:56:24.5781524+08:00,5,133,5,5,marketplace-service-84786c7f9-sx24w,,
2026-09-03T09:56:24.5781524+08:00,5,133,5,5,marketplace-service-84786c7f9-zc8jl,,
2026-09-03T09:56:24.5781524+08:00,5,133,5,5,marketplace-service-84786c7f9-zhn6f,,
2026-09-03T09:56:32.7847451+08:00,5,133,5,5,marketplace-service-84786c7f9-4jvxm,,
2026-09-03T09:56:32.7847451+08:00,5,133,5,5,marketplace-service-84786c7f9-5xsd8,,
2026-09-03T09:56:32.7847451+08:00,5,133,5,5,marketplace-service-84786c7f9-sx24w,,
2026-09-03T09:56:32.7847451+08:00,5,133,5,5,marketplace-service-84786c7f9-zc8jl,,
2026-09-03T09:56:32.7847451+08:00,5,133,5,5,marketplace-service-84786c7f9-zhn6f,,
2026-09-03T09:56:40.3532656+08:00,5,142,5,5,marketplace-service-84786c7f9-4jvxm,,
2026-09-03T09:56:40.3532656+08:00,5,142,5,5,marketplace-service-84786c7f9-5xsd8,,
2026-09-03T09:56:40.3532656+08:00,5,142,5,5,marketplace-service-84786c7f9-sx24w,,
2026-09-03T09:56:40.3532656+08:00,5,142,5,5,marketplace-service-84786c7f9-zc8jl,,
2026-09-03T09:56:40.3532656+08:00,5,142,5,5,marketplace-service-84786c7f9-zhn6f,,
2026-09-03T09:56:48.0513415+08:00,5,142,5,5,marketplace-service-84786c7f9-4jvxm,,
2026-09-03T09:56:48.0513415+08:00,5,142,5,5,marketplace-service-84786c7f9-5xsd8,,
2026-09-03T09:56:48.0513415+08:00,5,142,5,5,marketplace-service-84786c7f9-sx24w,,
2026-09-03T09:56:48.0513415+08:00,5,142,5,5,marketplace-service-84786c7f9-zc8jl,,
2026-09-03T09:56:48.0513415+08:00,5,142,5,5,marketplace-service-84786c7f9-zhn6f,,
2026-09-03T09:56:55.4652491+08:00,5,249,5,5,marketplace-service-84786c7f9-4jvxm,,
2026-09-03T09:56:55.4652491+08:00,5,249,5,5,marketplace-service-84786c7f9-5xsd8,,
2026-09-03T09:56:55.4652491+08:00,5,249,5,5,marketplace-service-84786c7f9-sx24w,,
2026-09-03T09:56:55.4652491+08:00,5,249,5,5,marketplace-service-84786c7f9-zc8jl,,
2026-09-03T09:56:55.4652491+08:00,5,249,5,5,marketplace-service-84786c7f9-zhn6f,,
2026-09-03T09:57:02.7613006+08:00,5,249,5,5,marketplace-service-84786c7f9-4jvxm,,
2026-09-03T09:57:02.7613006+08:00,5,249,5,5,marketplace-service-84786c7f9-5xsd8,,
2026-09-03T09:57:02.7613006+08:00,5,249,5,5,marketplace-service-84786c7f9-sx24w,,
2026-09-03T09:57:02.7613006+08:00,5,249,5,5,marketplace-service-84786c7f9-zc8jl,,
2026-09-03T09:57:02.7613006+08:00,5,249,5,5,marketplace-service-84786c7f9-zhn6f,,
2026-09-03T09:57:10.1457286+08:00,5,158,5,5,marketplace-service-84786c7f9-4jvxm,,
2026-09-03T09:57:10.1457286+08:00,5,158,5,5,marketplace-service-84786c7f9-5xsd8,,
2026-09-03T09:57:10.1457286+08:00,5,158,5,5,marketplace-service-84786c7f9-sx24w,,
2026-09-03T09:57:10.1457286+08:00,5,158,5,5,marketplace-service-84786c7f9-zc8jl,,
2026-09-03T09:57:10.1457286+08:00,5,158,5,5,marketplace-service-84786c7f9-zhn6f,,
2026-09-03T09:57:17.6938945+08:00,5,158,5,5,marketplace-service-84786c7f9-4jvxm,,
2026-09-03T09:57:17.6938945+08:00,5,158,5,5,marketplace-service-84786c7f9-5xsd8,,
2026-09-03T09:57:17.6938945+08:00,5,158,5,5,marketplace-service-84786c7f9-sx24w,,
2026-09-03T09:57:17.6938945+08:00,5,158,5,5,marketplace-service-84786c7f9-zc8jl,,
2026-09-03T09:57:17.6938945+08:00,5,158,5,5,marketplace-service-84786c7f9-zhn6f,,
2026-09-03T09:57:25.0234515+08:00,5,158,5,5,marketplace-service-84786c7f9-4jvxm,,
2026-09-03T09:57:25.0234515+08:00,5,158,5,5,marketplace-service-84786c7f9-5xsd8,,
2026-09-03T09:57:25.0234515+08:00,5,158,5,5,marketplace-service-84786c7f9-sx24w,,
2026-09-03T09:57:25.0234515+08:00,5,158,5,5,marketplace-service-84786c7f9-zc8jl,,
2026-09-03T09:57:25.0234515+08:00,5,158,5,5,marketplace-service-84786c7f9-zhn6f,,
2026-09-03T09:57:33.1959172+08:00,5,158,5,5,marketplace-service-84786c7f9-4jvxm,,
2026-09-03T09:57:33.1959172+08:00,5,158,5,5,marketplace-service-84786c7f9-5xsd8,,
2026-09-03T09:57:33.1959172+08:00,5,158,5,5,marketplace-service-84786c7f9-sx24w,,
2026-09-03T09:57:33.1959172+08:00,5,158,5,5,marketplace-service-84786c7f9-zc8jl,,
2026-09-03T09:57:33.1959172+08:00,5,158,5,5,marketplace-service-84786c7f9-zhn6f,,
2026-09-03T09:57:40.6725888+08:00,5,158,5,5,marketplace-service-84786c7f9-4jvxm,,
2026-09-03T09:57:40.6725888+08:00,5,158,5,5,marketplace-service-84786c7f9-5xsd8,,
2026-09-03T09:57:40.6725888+08:00,5,158,5,5,marketplace-service-84786c7f9-sx24w,,
2026-09-03T09:57:40.6725888+08:00,5,158,5,5,marketplace-service-84786c7f9-zc8jl,,
2026-09-03T09:57:40.6725888+08:00,5,158,5,5,marketplace-service-84786c7f9-zhn6f,,
2026-09-03T09:57:48.0814733+08:00,5,158,5,5,marketplace-service-84786c7f9-4jvxm,,
2026-09-03T09:57:48.0814733+08:00,5,158,5,5,marketplace-service-84786c7f9-5xsd8,,
2026-09-03T09:57:48.0814733+08:00,5,158,5,5,marketplace-service-84786c7f9-sx24w,,
2026-09-03T09:57:48.0814733+08:00,5,158,5,5,marketplace-service-84786c7f9-zc8jl,,
2026-09-03T09:57:48.0814733+08:00,5,158,5,5,marketplace-service-84786c7f9-zhn6f,,
2026-09-03T09:57:55.5283648+08:00,5,129,5,5,marketplace-service-84786c7f9-4jvxm,,
2026-09-03T09:57:55.5283648+08:00,5,129,5,5,marketplace-service-84786c7f9-5xsd8,,
2026-09-03T09:57:55.5283648+08:00,5,129,5,5,marketplace-service-84786c7f9-sx24w,,
2026-09-03T09:57:55.5283648+08:00,5,129,5,5,marketplace-service-84786c7f9-zc8jl,,
2026-09-03T09:57:55.5283648+08:00,5,129,5,5,marketplace-service-84786c7f9-zhn6f,,
2026-09-03T09:58:02.9082846+08:00,5,129,5,5,marketplace-service-84786c7f9-4jvxm,,
2026-09-03T09:58:02.9082846+08:00,5,129,5,5,marketplace-service-84786c7f9-5xsd8,,
2026-09-03T09:58:02.9082846+08:00,5,129,5,5,marketplace-service-84786c7f9-sx24w,,
2026-09-03T09:58:02.9082846+08:00,5,129,5,5,marketplace-service-84786c7f9-zc8jl,,
2026-09-03T09:58:02.9082846+08:00,5,129,5,5,marketplace-service-84786c7f9-zhn6f,,
2026-09-03T09:58:10.3958217+08:00,5,117,5,5,marketplace-service-84786c7f9-4jvxm,,
2026-09-03T09:58:10.3958217+08:00,5,117,5,5,marketplace-service-84786c7f9-5xsd8,,
2026-09-03T09:58:10.3958217+08:00,5,117,5,5,marketplace-service-84786c7f9-sx24w,,
2026-09-03T09:58:10.3958217+08:00,5,117,5,5,marketplace-service-84786c7f9-zc8jl,,
2026-09-03T09:58:10.3958217+08:00,5,117,5,5,marketplace-service-84786c7f9-zhn6f,,
2026-09-03T09:58:17.7802975+08:00,5,117,5,5,marketplace-service-84786c7f9-4jvxm,,
2026-09-03T09:58:17.7802975+08:00,5,117,5,5,marketplace-service-84786c7f9-5xsd8,,
2026-09-03T09:58:17.7802975+08:00,5,117,5,5,marketplace-service-84786c7f9-sx24w,,
2026-09-03T09:58:17.7802975+08:00,5,117,5,5,marketplace-service-84786c7f9-zc8jl,,
2026-09-03T09:58:17.7802975+08:00,5,117,5,5,marketplace-service-84786c7f9-zhn6f,,
2026-09-03T09:58:25.2136951+08:00,5,104,5,5,marketplace-service-84786c7f9-4jvxm,,
2026-09-03T09:58:25.2136951+08:00,5,104,5,5,marketplace-service-84786c7f9-5xsd8,,
2026-09-03T09:58:25.2136951+08:00,5,104,5,5,marketplace-service-84786c7f9-sx24w,,
2026-09-03T09:58:25.2136951+08:00,5,104,5,5,marketplace-service-84786c7f9-zc8jl,,
2026-09-03T09:58:25.2136951+08:00,5,104,5,5,marketplace-service-84786c7f9-zhn6f,,
2026-09-03T09:58:32.6009057+08:00,5,104,5,5,marketplace-service-84786c7f9-4jvxm,,
2026-09-03T09:58:32.6009057+08:00,5,104,5,5,marketplace-service-84786c7f9-5xsd8,,
2026-09-03T09:58:32.6009057+08:00,5,104,5,5,marketplace-service-84786c7f9-sx24w,,
2026-09-03T09:58:32.6009057+08:00,5,104,5,5,marketplace-service-84786c7f9-zc8jl,,
2026-09-03T09:58:32.6009057+08:00,5,104,5,5,marketplace-service-84786c7f9-zhn6f,,
2026-09-03T09:58:39.9330951+08:00,5,102,5,5,marketplace-service-84786c7f9-4jvxm,,
2026-09-03T09:58:39.9330951+08:00,5,102,5,5,marketplace-service-84786c7f9-5xsd8,,
2026-09-03T09:58:39.9330951+08:00,5,102,5,5,marketplace-service-84786c7f9-sx24w,,
2026-09-03T09:58:39.9330951+08:00,5,102,5,5,marketplace-service-84786c7f9-zc8jl,,
2026-09-03T09:58:39.9330951+08:00,5,102,5,5,marketplace-service-84786c7f9-zhn6f,,
2026-09-03T09:58:47.2500873+08:00,5,102,5,5,marketplace-service-84786c7f9-4jvxm,,
2026-09-03T09:58:47.2500873+08:00,5,102,5,5,marketplace-service-84786c7f9-5xsd8,,
2026-09-03T09:58:47.2500873+08:00,5,102,5,5,marketplace-service-84786c7f9-sx24w,,
2026-09-03T09:58:47.2500873+08:00,5,102,5,5,marketplace-service-84786c7f9-zc8jl,,
2026-09-03T09:58:47.2500873+08:00,5,102,5,5,marketplace-service-84786c7f9-zhn6f,,
2026-09-03T09:58:54.6032691+08:00,5,115,5,5,marketplace-service-84786c7f9-4jvxm,,
2026-09-03T09:58:54.6032691+08:00,5,115,5,5,marketplace-service-84786c7f9-5xsd8,,
2026-09-03T09:58:54.6032691+08:00,5,115,5,5,marketplace-service-84786c7f9-sx24w,,
2026-09-03T09:58:54.6032691+08:00,5,115,5,5,marketplace-service-84786c7f9-zc8jl,,
2026-09-03T09:58:54.6032691+08:00,5,115,5,5,marketplace-service-84786c7f9-zhn6f,,
2026-09-03T09:59:02.9079869+08:00,5,115,5,5,marketplace-service-84786c7f9-4jvxm,,
2026-09-03T09:59:02.9079869+08:00,5,115,5,5,marketplace-service-84786c7f9-5xsd8,,
2026-09-03T09:59:02.9079869+08:00,5,115,5,5,marketplace-service-84786c7f9-sx24w,,
2026-09-03T09:59:02.9079869+08:00,5,115,5,5,marketplace-service-84786c7f9-zc8jl,,
2026-09-03T09:59:02.9079869+08:00,5,115,5,5,marketplace-service-84786c7f9-zhn6f,,
2026-09-03T09:59:10.6737932+08:00,5,113,5,5,marketplace-service-84786c7f9-4jvxm,,
2026-09-03T09:59:10.6737932+08:00,5,113,5,5,marketplace-service-84786c7f9-5xsd8,,
2026-09-03T09:59:10.6737932+08:00,5,113,5,5,marketplace-service-84786c7f9-sx24w,,
2026-09-03T09:59:10.6737932+08:00,5,113,5,5,marketplace-service-84786c7f9-zc8jl,,
2026-09-03T09:59:10.6737932+08:00,5,113,5,5,marketplace-service-84786c7f9-zhn6f,,
2026-09-03T09:59:18.5849147+08:00,5,113,5,5,marketplace-service-84786c7f9-4jvxm,,
2026-09-03T09:59:18.5849147+08:00,5,113,5,5,marketplace-service-84786c7f9-5xsd8,,
2026-09-03T09:59:18.5849147+08:00,5,113,5,5,marketplace-service-84786c7f9-sx24w,,
2026-09-03T09:59:18.5849147+08:00,5,113,5,5,marketplace-service-84786c7f9-zc8jl,,
2026-09-03T09:59:18.5849147+08:00,5,113,5,5,marketplace-service-84786c7f9-zhn6f,,
2026-09-03T09:59:26.1166717+08:00,5,100,5,5,marketplace-service-84786c7f9-4jvxm,,
2026-09-03T09:59:26.1166717+08:00,5,100,5,5,marketplace-service-84786c7f9-5xsd8,,
2026-09-03T09:59:26.1166717+08:00,5,100,5,5,marketplace-service-84786c7f9-sx24w,,
2026-09-03T09:59:26.1166717+08:00,5,100,5,5,marketplace-service-84786c7f9-zc8jl,,
2026-09-03T09:59:26.1166717+08:00,5,100,5,5,marketplace-service-84786c7f9-zhn6f,,
2026-09-03T09:59:33.5809367+08:00,5,100,5,5,marketplace-service-84786c7f9-4jvxm,,
2026-09-03T09:59:33.5809367+08:00,5,100,5,5,marketplace-service-84786c7f9-5xsd8,,
2026-09-03T09:59:33.5809367+08:00,5,100,5,5,marketplace-service-84786c7f9-sx24w,,
2026-09-03T09:59:33.5809367+08:00,5,100,5,5,marketplace-service-84786c7f9-zc8jl,,
2026-09-03T09:59:33.5809367+08:00,5,100,5,5,marketplace-service-84786c7f9-zhn6f,,
2026-09-03T09:59:41.0107398+08:00,5,99,5,5,marketplace-service-84786c7f9-4jvxm,,
2026-09-03T09:59:41.0107398+08:00,5,99,5,5,marketplace-service-84786c7f9-5xsd8,,
2026-09-03T09:59:41.0107398+08:00,5,99,5,5,marketplace-service-84786c7f9-sx24w,,
2026-09-03T09:59:41.0107398+08:00,5,99,5,5,marketplace-service-84786c7f9-zc8jl,,
2026-09-03T09:59:41.0107398+08:00,5,99,5,5,marketplace-service-84786c7f9-zhn6f,,
2026-09-03T09:59:48.3547542+08:00,5,99,5,5,marketplace-service-84786c7f9-4jvxm,,
2026-09-03T09:59:48.3547542+08:00,5,99,5,5,marketplace-service-84786c7f9-5xsd8,,
2026-09-03T09:59:48.3547542+08:00,5,99,5,5,marketplace-service-84786c7f9-sx24w,,
2026-09-03T09:59:48.3547542+08:00,5,99,5,5,marketplace-service-84786c7f9-zc8jl,,
2026-09-03T09:59:48.3547542+08:00,5,99,5,5,marketplace-service-84786c7f9-zhn6f,,
2026-09-03T09:59:55.8532714+08:00,5,117,5,5,marketplace-service-84786c7f9-4jvxm,,
2026-09-03T09:59:55.8532714+08:00,5,117,5,5,marketplace-service-84786c7f9-5xsd8,,
2026-09-03T09:59:55.8532714+08:00,5,117,5,5,marketplace-service-84786c7f9-sx24w,,
2026-09-03T09:59:55.8532714+08:00,5,117,5,5,marketplace-service-84786c7f9-zc8jl,,
2026-09-03T09:59:55.8532714+08:00,5,117,5,5,marketplace-service-84786c7f9-zhn6f,,
2026-09-03T10:00:03.2548527+08:00,5,117,5,5,marketplace-service-84786c7f9-4jvxm,,
2026-09-03T10:00:03.2548527+08:00,5,117,5,5,marketplace-service-84786c7f9-5xsd8,,
2026-09-03T10:00:03.2548527+08:00,5,117,5,5,marketplace-service-84786c7f9-sx24w,,
2026-09-03T10:00:03.2548527+08:00,5,117,5,5,marketplace-service-84786c7f9-zc8jl,,
2026-09-03T10:00:03.2548527+08:00,5,117,5,5,marketplace-service-84786c7f9-zhn6f,,
2026-09-03T10:00:10.7549903+08:00,5,111,5,5,marketplace-service-84786c7f9-4jvxm,,
2026-09-03T10:00:10.7549903+08:00,5,111,5,5,marketplace-service-84786c7f9-5xsd8,,
2026-09-03T10:00:10.7549903+08:00,5,111,5,5,marketplace-service-84786c7f9-sx24w,,
2026-09-03T10:00:10.7549903+08:00,5,111,5,5,marketplace-service-84786c7f9-zc8jl,,
2026-09-03T10:00:10.7549903+08:00,5,111,5,5,marketplace-service-84786c7f9-zhn6f,,
2026-09-03T10:00:18.1681532+08:00,5,111,5,5,marketplace-service-84786c7f9-4jvxm,,
2026-09-03T10:00:18.1681532+08:00,5,111,5,5,marketplace-service-84786c7f9-5xsd8,,
2026-09-03T10:00:18.1681532+08:00,5,111,5,5,marketplace-service-84786c7f9-sx24w,,
2026-09-03T10:00:18.1681532+08:00,5,111,5,5,marketplace-service-84786c7f9-zc8jl,,
2026-09-03T10:00:18.1681532+08:00,5,111,5,5,marketplace-service-84786c7f9-zhn6f,,
2026-09-03T10:00:25.6185347+08:00,5,120,5,5,marketplace-service-84786c7f9-4jvxm,,
2026-09-03T10:00:25.6185347+08:00,5,120,5,5,marketplace-service-84786c7f9-5xsd8,,
2026-09-03T10:00:25.6185347+08:00,5,120,5,5,marketplace-service-84786c7f9-sx24w,,
2026-09-03T10:00:25.6185347+08:00,5,120,5,5,marketplace-service-84786c7f9-zc8jl,,
2026-09-03T10:00:25.6185347+08:00,5,120,5,5,marketplace-service-84786c7f9-zhn6f,,
2026-09-03T10:00:33.0806513+08:00,5,120,5,5,marketplace-service-84786c7f9-4jvxm,,
2026-09-03T10:00:33.0806513+08:00,5,120,5,5,marketplace-service-84786c7f9-5xsd8,,
2026-09-03T10:00:33.0806513+08:00,5,120,5,5,marketplace-service-84786c7f9-sx24w,,
2026-09-03T10:00:33.0806513+08:00,5,120,5,5,marketplace-service-84786c7f9-zc8jl,,
2026-09-03T10:00:33.0806513+08:00,5,120,5,5,marketplace-service-84786c7f9-zhn6f,,
2026-09-03T10:00:40.5073323+08:00,5,115,5,5,marketplace-service-84786c7f9-4jvxm,,
2026-09-03T10:00:40.5073323+08:00,5,115,5,5,marketplace-service-84786c7f9-5xsd8,,
2026-09-03T10:00:40.5073323+08:00,5,115,5,5,marketplace-service-84786c7f9-sx24w,,
2026-09-03T10:00:40.5073323+08:00,5,115,5,5,marketplace-service-84786c7f9-zc8jl,,
2026-09-03T10:00:40.5073323+08:00,5,115,5,5,marketplace-service-84786c7f9-zhn6f,,
2026-09-03T10:00:48.0593163+08:00,5,115,5,5,marketplace-service-84786c7f9-4jvxm,,
2026-09-03T10:00:48.0593163+08:00,5,115,5,5,marketplace-service-84786c7f9-5xsd8,,
2026-09-03T10:00:48.0593163+08:00,5,115,5,5,marketplace-service-84786c7f9-sx24w,,
2026-09-03T10:00:48.0593163+08:00,5,115,5,5,marketplace-service-84786c7f9-zc8jl,,
2026-09-03T10:00:48.0593163+08:00,5,115,5,5,marketplace-service-84786c7f9-zhn6f,,
2026-09-03T10:00:56.6532038+08:00,5,94,5,5,marketplace-service-84786c7f9-4jvxm,,
2026-09-03T10:00:56.6532038+08:00,5,94,5,5,marketplace-service-84786c7f9-5xsd8,,
2026-09-03T10:00:56.6532038+08:00,5,94,5,5,marketplace-service-84786c7f9-sx24w,,
2026-09-03T10:00:56.6532038+08:00,5,94,5,5,marketplace-service-84786c7f9-zc8jl,,
2026-09-03T10:00:56.6532038+08:00,5,94,5,5,marketplace-service-84786c7f9-zhn6f,,
2026-09-03T10:01:05.2460982+08:00,5,94,5,5,marketplace-service-84786c7f9-4jvxm,,
2026-09-03T10:01:05.2460982+08:00,5,94,5,5,marketplace-service-84786c7f9-5xsd8,,
2026-09-03T10:01:05.2460982+08:00,5,94,5,5,marketplace-service-84786c7f9-sx24w,,
2026-09-03T10:01:05.2460982+08:00,5,94,5,5,marketplace-service-84786c7f9-zc8jl,,
2026-09-03T10:01:05.2460982+08:00,5,94,5,5,marketplace-service-84786c7f9-zhn6f,,
2026-09-03T10:01:13.3970560+08:00,5,90,5,5,marketplace-service-84786c7f9-4jvxm,,
2026-09-03T10:01:13.3970560+08:00,5,90,5,5,marketplace-service-84786c7f9-5xsd8,,
2026-09-03T10:01:13.3970560+08:00,5,90,5,5,marketplace-service-84786c7f9-sx24w,,
2026-09-03T10:01:13.3970560+08:00,5,90,5,5,marketplace-service-84786c7f9-zc8jl,,
2026-09-03T10:01:13.3970560+08:00,5,90,5,5,marketplace-service-84786c7f9-zhn6f,,
2026-09-03T10:01:20.7347177+08:00,5,90,5,5,marketplace-service-84786c7f9-4jvxm,,
2026-09-03T10:01:20.7347177+08:00,5,90,5,5,marketplace-service-84786c7f9-5xsd8,,
2026-09-03T10:01:20.7347177+08:00,5,90,5,5,marketplace-service-84786c7f9-sx24w,,
2026-09-03T10:01:20.7347177+08:00,5,90,5,5,marketplace-service-84786c7f9-zc8jl,,
2026-09-03T10:01:20.7347177+08:00,5,90,5,5,marketplace-service-84786c7f9-zhn6f,,
2026-09-03T10:01:28.0947571+08:00,5,82,5,5,marketplace-service-84786c7f9-4jvxm,,
2026-09-03T10:01:28.0947571+08:00,5,82,5,5,marketplace-service-84786c7f9-5xsd8,,
2026-09-03T10:01:28.0947571+08:00,5,82,5,5,marketplace-service-84786c7f9-sx24w,,
2026-09-03T10:01:28.0947571+08:00,5,82,5,5,marketplace-service-84786c7f9-zc8jl,,
2026-09-03T10:01:28.0947571+08:00,5,82,5,5,marketplace-service-84786c7f9-zhn6f,,
2026-09-03T10:01:35.4274781+08:00,5,82,5,5,marketplace-service-84786c7f9-4jvxm,,
2026-09-03T10:01:35.4274781+08:00,5,82,5,5,marketplace-service-84786c7f9-5xsd8,,
2026-09-03T10:01:35.4274781+08:00,5,82,5,5,marketplace-service-84786c7f9-sx24w,,
2026-09-03T10:01:35.4274781+08:00,5,82,5,5,marketplace-service-84786c7f9-zc8jl,,
2026-09-03T10:01:35.4274781+08:00,5,82,5,5,marketplace-service-84786c7f9-zhn6f,,
2026-09-03T10:01:42.7420991+08:00,5,82,5,5,marketplace-service-84786c7f9-4jvxm,,
2026-09-03T10:01:42.7420991+08:00,5,82,5,5,marketplace-service-84786c7f9-5xsd8,,
2026-09-03T10:01:42.7420991+08:00,5,82,5,5,marketplace-service-84786c7f9-sx24w,,
2026-09-03T10:01:42.7420991+08:00,5,82,5,5,marketplace-service-84786c7f9-zc8jl,,
2026-09-03T10:01:42.7420991+08:00,5,82,5,5,marketplace-service-84786c7f9-zhn6f,,
2026-09-03T10:01:49.3410141+08:00,5,82,5,5,marketplace-service-84786c7f9-4jvxm,,
2026-09-03T10:01:49.3410141+08:00,5,82,5,5,marketplace-service-84786c7f9-5xsd8,,
2026-09-03T10:01:49.3410141+08:00,5,82,5,5,marketplace-service-84786c7f9-sx24w,,
2026-09-03T10:01:49.3410141+08:00,5,82,5,5,marketplace-service-84786c7f9-zc8jl,,
2026-09-03T10:01:49.3410141+08:00,5,82,5,5,marketplace-service-84786c7f9-zhn6f,,
2026-09-03T10:01:56.0203241+08:00,5,89,5,5,marketplace-service-84786c7f9-4jvxm,,
2026-09-03T10:01:56.0203241+08:00,5,89,5,5,marketplace-service-84786c7f9-5xsd8,,
2026-09-03T10:01:56.0203241+08:00,5,89,5,5,marketplace-service-84786c7f9-sx24w,,
2026-09-03T10:01:56.0203241+08:00,5,89,5,5,marketplace-service-84786c7f9-zc8jl,,
2026-09-03T10:01:56.0203241+08:00,5,89,5,5,marketplace-service-84786c7f9-zhn6f,,
2026-09-03T10:02:02.7054781+08:00,5,89,5,5,marketplace-service-84786c7f9-4jvxm,,
2026-09-03T10:02:02.7054781+08:00,5,89,5,5,marketplace-service-84786c7f9-5xsd8,,
2026-09-03T10:02:02.7054781+08:00,5,89,5,5,marketplace-service-84786c7f9-sx24w,,
2026-09-03T10:02:02.7054781+08:00,5,89,5,5,marketplace-service-84786c7f9-zc8jl,,
2026-09-03T10:02:02.7054781+08:00,5,89,5,5,marketplace-service-84786c7f9-zhn6f,,
2026-09-03T10:02:09.5015261+08:00,5,41,5,5,marketplace-service-84786c7f9-4jvxm,,
2026-09-03T10:02:09.5015261+08:00,5,41,5,5,marketplace-service-84786c7f9-5xsd8,,
2026-09-03T10:02:09.5015261+08:00,5,41,5,5,marketplace-service-84786c7f9-sx24w,,
2026-09-03T10:02:09.5015261+08:00,5,41,5,5,marketplace-service-84786c7f9-zc8jl,,
2026-09-03T10:02:09.5015261+08:00,5,41,5,5,marketplace-service-84786c7f9-zhn6f,,
2026-09-03T10:02:16.1837629+08:00,5,41,5,5,marketplace-service-84786c7f9-4jvxm,,
2026-09-03T10:02:16.1837629+08:00,5,41,5,5,marketplace-service-84786c7f9-5xsd8,,
2026-09-03T10:02:16.1837629+08:00,5,41,5,5,marketplace-service-84786c7f9-sx24w,,
2026-09-03T10:02:16.1837629+08:00,5,41,5,5,marketplace-service-84786c7f9-zc8jl,,
2026-09-03T10:02:16.1837629+08:00,5,41,5,5,marketplace-service-84786c7f9-zhn6f,,
2026-09-03T10:02:22.8454999+08:00,5,3,5,5,marketplace-service-84786c7f9-4jvxm,,
2026-09-03T10:02:22.8454999+08:00,5,3,5,5,marketplace-service-84786c7f9-5xsd8,,
2026-09-03T10:02:22.8454999+08:00,5,3,5,5,marketplace-service-84786c7f9-sx24w,,
2026-09-03T10:02:22.8454999+08:00,5,3,5,5,marketplace-service-84786c7f9-zc8jl,,
2026-09-03T10:02:22.8454999+08:00,5,3,5,5,marketplace-service-84786c7f9-zhn6f,,
2026-09-03T10:02:29.5527945+08:00,5,3,5,5,marketplace-service-84786c7f9-4jvxm,,
2026-09-03T10:02:29.5527945+08:00,5,3,5,5,marketplace-service-84786c7f9-5xsd8,,
2026-09-03T10:02:29.5527945+08:00,5,3,5,5,marketplace-service-84786c7f9-sx24w,,
2026-09-03T10:02:29.5527945+08:00,5,3,5,5,marketplace-service-84786c7f9-zc8jl,,
2026-09-03T10:02:29.5527945+08:00,5,3,5,5,marketplace-service-84786c7f9-zhn6f,,
2026-09-03T10:02:36.2244886+08:00,5,3,5,5,marketplace-service-84786c7f9-4jvxm,,
2026-09-03T10:02:36.2244886+08:00,5,3,5,5,marketplace-service-84786c7f9-5xsd8,,
2026-09-03T10:02:36.2244886+08:00,5,3,5,5,marketplace-service-84786c7f9-sx24w,,
2026-09-03T10:02:36.2244886+08:00,5,3,5,5,marketplace-service-84786c7f9-zc8jl,,
2026-09-03T10:02:36.2244886+08:00,5,3,5,5,marketplace-service-84786c7f9-zhn6f,,
2026-09-03T10:02:42.8585514+08:00,5,2,5,5,marketplace-service-84786c7f9-4jvxm,,
2026-09-03T10:02:42.8585514+08:00,5,2,5,5,marketplace-service-84786c7f9-5xsd8,,
2026-09-03T10:02:42.8585514+08:00,5,2,5,5,marketplace-service-84786c7f9-sx24w,,
2026-09-03T10:02:42.8585514+08:00,5,2,5,5,marketplace-service-84786c7f9-zc8jl,,
2026-09-03T10:02:42.8585514+08:00,5,2,5,5,marketplace-service-84786c7f9-zhn6f,,
2026-09-03T10:02:49.4459909+08:00,5,2,5,5,marketplace-service-84786c7f9-4jvxm,,
2026-09-03T10:02:49.4459909+08:00,5,2,5,5,marketplace-service-84786c7f9-5xsd8,,
2026-09-03T10:02:49.4459909+08:00,5,2,5,5,marketplace-service-84786c7f9-sx24w,,
2026-09-03T10:02:49.4459909+08:00,5,2,5,5,marketplace-service-84786c7f9-zc8jl,,
2026-09-03T10:02:49.4459909+08:00,5,2,5,5,marketplace-service-84786c7f9-zhn6f,,
2026-09-03T10:02:56.0268316+08:00,5,3,5,5,marketplace-service-84786c7f9-4jvxm,,
2026-09-03T10:02:56.0268316+08:00,5,3,5,5,marketplace-service-84786c7f9-5xsd8,,
2026-09-03T10:02:56.0268316+08:00,5,3,5,5,marketplace-service-84786c7f9-sx24w,,
2026-09-03T10:02:56.0268316+08:00,5,3,5,5,marketplace-service-84786c7f9-zc8jl,,
2026-09-03T10:02:56.0268316+08:00,5,3,5,5,marketplace-service-84786c7f9-zhn6f,,
2026-09-03T10:03:02.6044422+08:00,5,3,5,5,marketplace-service-84786c7f9-4jvxm,,
2026-09-03T10:03:02.6044422+08:00,5,3,5,5,marketplace-service-84786c7f9-5xsd8,,
2026-09-03T10:03:02.6044422+08:00,5,3,5,5,marketplace-service-84786c7f9-sx24w,,
2026-09-03T10:03:02.6044422+08:00,5,3,5,5,marketplace-service-84786c7f9-zc8jl,,
2026-09-03T10:03:02.6044422+08:00,5,3,5,5,marketplace-service-84786c7f9-zhn6f,,
2026-09-03T10:03:09.2147837+08:00,5,3,5,5,marketplace-service-84786c7f9-4jvxm,,
2026-09-03T10:03:09.2147837+08:00,5,3,5,5,marketplace-service-84786c7f9-5xsd8,,
2026-09-03T10:03:09.2147837+08:00,5,3,5,5,marketplace-service-84786c7f9-sx24w,,
2026-09-03T10:03:09.2147837+08:00,5,3,5,5,marketplace-service-84786c7f9-zc8jl,,
2026-09-03T10:03:09.2147837+08:00,5,3,5,5,marketplace-service-84786c7f9-zhn6f,,
2026-09-03T10:03:15.8483274+08:00,5,3,5,5,marketplace-service-84786c7f9-4jvxm,,
2026-09-03T10:03:15.8483274+08:00,5,3,5,5,marketplace-service-84786c7f9-5xsd8,,
2026-09-03T10:03:15.8483274+08:00,5,3,5,5,marketplace-service-84786c7f9-sx24w,,
2026-09-03T10:03:15.8483274+08:00,5,3,5,5,marketplace-service-84786c7f9-zc8jl,,
2026-09-03T10:03:15.8483274+08:00,5,3,5,5,marketplace-service-84786c7f9-zhn6f,,
2026-09-03T10:03:22.4632877+08:00,5,2,5,5,marketplace-service-84786c7f9-4jvxm,,
2026-09-03T10:03:22.4632877+08:00,5,2,5,5,marketplace-service-84786c7f9-5xsd8,,
2026-09-03T10:03:22.4632877+08:00,5,2,5,5,marketplace-service-84786c7f9-sx24w,,
2026-09-03T10:03:22.4632877+08:00,5,2,5,5,marketplace-service-84786c7f9-zc8jl,,
2026-09-03T10:03:22.4632877+08:00,5,2,5,5,marketplace-service-84786c7f9-zhn6f,,
2026-09-03T10:03:29.1414418+08:00,5,2,5,5,marketplace-service-84786c7f9-4jvxm,,
2026-09-03T10:03:29.1414418+08:00,5,2,5,5,marketplace-service-84786c7f9-5xsd8,,
2026-09-03T10:03:29.1414418+08:00,5,2,5,5,marketplace-service-84786c7f9-sx24w,,
2026-09-03T10:03:29.1414418+08:00,5,2,5,5,marketplace-service-84786c7f9-zc8jl,,
2026-09-03T10:03:29.1414418+08:00,5,2,5,5,marketplace-service-84786c7f9-zhn6f,,
2026-09-03T10:03:35.8493596+08:00,5,2,5,5,marketplace-service-84786c7f9-4jvxm,,
2026-09-03T10:03:35.8493596+08:00,5,2,5,5,marketplace-service-84786c7f9-5xsd8,,
2026-09-03T10:03:35.8493596+08:00,5,2,5,5,marketplace-service-84786c7f9-sx24w,,
2026-09-03T10:03:35.8493596+08:00,5,2,5,5,marketplace-service-84786c7f9-zc8jl,,
2026-09-03T10:03:35.8493596+08:00,5,2,5,5,marketplace-service-84786c7f9-zhn6f,,
2026-09-03T10:03:42.5590251+08:00,5,3,5,5,marketplace-service-84786c7f9-4jvxm,,
2026-09-03T10:03:42.5590251+08:00,5,3,5,5,marketplace-service-84786c7f9-5xsd8,,
2026-09-03T10:03:42.5590251+08:00,5,3,5,5,marketplace-service-84786c7f9-sx24w,,
2026-09-03T10:03:42.5590251+08:00,5,3,5,5,marketplace-service-84786c7f9-zc8jl,,
2026-09-03T10:03:42.5590251+08:00,5,3,5,5,marketplace-service-84786c7f9-zhn6f,,
2026-09-03T10:03:49.2028769+08:00,5,3,5,5,marketplace-service-84786c7f9-4jvxm,,
2026-09-03T10:03:49.2028769+08:00,5,3,5,5,marketplace-service-84786c7f9-5xsd8,,
2026-09-03T10:03:49.2028769+08:00,5,3,5,5,marketplace-service-84786c7f9-sx24w,,
2026-09-03T10:03:49.2028769+08:00,5,3,5,5,marketplace-service-84786c7f9-zc8jl,,
2026-09-03T10:03:49.2028769+08:00,5,3,5,5,marketplace-service-84786c7f9-zhn6f,,
2026-09-03T10:03:55.8787519+08:00,5,2,4,4,marketplace-service-84786c7f9-4jvxm,,
2026-09-03T10:03:55.8787519+08:00,5,2,4,4,marketplace-service-84786c7f9-5xsd8,,
2026-09-03T10:03:55.8787519+08:00,5,2,4,4,marketplace-service-84786c7f9-sx24w,,
2026-09-03T10:03:55.8787519+08:00,5,2,4,4,marketplace-service-84786c7f9-zhn6f,,
2026-09-03T10:04:02.3006757+08:00,5,2,4,4,marketplace-service-84786c7f9-4jvxm,,
2026-09-03T10:04:02.3006757+08:00,5,2,4,4,marketplace-service-84786c7f9-5xsd8,,
2026-09-03T10:04:02.3006757+08:00,5,2,4,4,marketplace-service-84786c7f9-sx24w,,
2026-09-03T10:04:02.3006757+08:00,5,2,4,4,marketplace-service-84786c7f9-zhn6f,,
2026-09-03T10:04:08.6209383+08:00,4,2,1,1,marketplace-service-84786c7f9-sx24w,,
2026-09-03T10:04:14.3729233+08:00,4,2,1,1,marketplace-service-84786c7f9-sx24w,,
2026-09-03T10:04:20.1457949+08:00,4,2,1,1,marketplace-service-84786c7f9-sx24w,,
2026-09-03T10:04:25.8928625+08:00,1,2,1,1,marketplace-service-84786c7f9-sx24w,,
2026-09-03T10:04:31.6110736+08:00,1,2,1,1,marketplace-service-84786c7f9-sx24w,,
2026-09-03T10:04:37.4101356+08:00,1,2,1,1,marketplace-service-84786c7f9-sx24w,,
2026-09-03T10:04:43.1516457+08:00,1,2,1,1,marketplace-service-84786c7f9-sx24w,,
2026-09-03T10:04:48.9067275+08:00,1,2,1,1,marketplace-service-84786c7f9-sx24w,,
2026-09-03T10:04:54.6315687+08:00,1,8,1,1,marketplace-service-84786c7f9-sx24w,,
